<?xml version="1.0" encoding="UTF-8" ?>
<module>
    <name>webpay</name>
    <displayName><![CDATA[Webpay Plus]]></displayName>
    <version><![CDATA[4.2]]></version>
    <description><![CDATA[Acepta pagos de WebPay]]></description>
    <author><![CDATA[Pagosweb.cl]]></author>
    <tab><![CDATA[payments_gateways]]></tab>
	<confirmUninstall><![CDATA[Are you sure you want to delete your details ?]]></confirmUninstall>
    <is_configurable>1</is_configurable>
    <need_instance>1</need_instance>
	<limited_countries></limited_countries>
</module>